States Affected,Total Screened,No. of Cases (Lab Confirmed),No. of Cases (on admission),No. Discharged,No. of Deaths
Adamawa,1,0,0,-,0
Akwa Ibom,1,0,0,-,0
Bauchi,1,0,0,-,0
Bayelsa,1,0,0,-,0
Cross river,2,0,0,-,0
Delta,1,0,0,-,0
Ebonyi,1,0,0,-,0
Edo,1,0,0,-,0
Ekiti,4,1,1,-,0
Enugu,1,0,0,-,0
FCT,39,4,4,0,0
Kano,2,0,0,-,0
Katsina,2,0,0,-,0
Lagos,76,22,22,0,0
Nasarawa,5,0,0,-,0
Ogun,4,2,0,2,0
Ondo,1,0,0,-,0
Oyo,1,1,1,-,0
Plateau,1,0,0,-,0
Rivers,6,0,0,-,0
Yobe,1,0,0,-,0
Total,152,30,28,2,0
