States Affected,Total Screened,No. of Cases (Lab Confirmed),No. of Cases (on admission),No. Discharged,No. of Deaths
Akwa Ibom,1,0,0,-,0
Adamawa,1,0,0,-,0
Bauchi,1,1,1,-,0
Bayelsa,1,0,0,-,0
Cross River,2,0,0,-,0
Delta,1,0,0,-,0
Ebonyi,1,0,0,-,0
Edo,2,1,1,-,0
Ekiti,4,1,1,-,0
Enugu,1,0,0,-,0
FCT,52,8,7,0,1
Kano,2,0,0,-,0
Katsina,2,0,0,-,0
Lagos,88,29,29,0,0
Nasarawa,5,0,0,-,0
Ogun,4,3,1,2,0
Ondo,1,0,0,-,0
Oyo,1,1,1,-,0
Plateau,1,0,0,-,0
Rivers,6,0,0,-,0
Yobe,1,0,0,-,0
Total,178,44,41,2,1
