States Affected,Total Screened,No. of Cases (Lab Confirmed),No. of Cases (on admission),No. Discharged,No. of Deaths
Akwa Ibom,1,0,0,-,0
Adamawa,2,0,0,-,0
Bauchi,5,1,1,-,0
Bayelsa,1,0,0,-,0
Cross River,2,0,0,-,0
Delta,1,0,0,-,0
Ebonyi,1,0,0,-,0
Edo,12,1,1,0,0
Ekiti,4,1,1,0,0
Enugu,4,0,0,-,0
FCT,74,10,10,0,1
Kano,5,0,0,-,0
Katsina,2,0,0,-,0
Kebbi,2,0,0,-,0
Lagos,116,32,32,0,0
Nasarawa,6,0,0,-,0
Ogun,5,3,1,2,0
Ondo,3,0,0,-,0
Osun,1,1,1,0,0
Oyo,3,1,1,0,0
Plateau,4,0,0,-,0
Rivers,7,1,0,-,0
Sokoto,1,0,0,-,0
Yobe,1,0,0,-,0
Total,262,51,48,2,1
