States Affected,Total Screened,No. of Cases (Lab Confirmed),No. of Cases (on admission),No. Discharged,No. of Deaths
Akwa Ibom,5,0,0,-,0
Adamawa,5,0,0,-,0
Bauchi,30,2,2,-,0
Bayelsa,10,0,0,-,0
Cross River,10,0,0,-,0
Delta,10,0,0,-,0
Ebonyi,12,0,0,-,0
Edo,35,1,1,0,0
Ekiti,12,1,1,0,0
Enugu,15,0,0,-,0
FCT,64,11,11,0,1
Jigawa,15,0,0,-,0
Kaduna,10,0,0,-,0
Kano,40,0,0,-,0
Katsina,21,0,0,-,0
Kebbi,26,0,0,-,0
Lagos,250,44,43,1,0
Nasarawa,40,0,0,-,0
Ogun,40,3,1,2,0
Ondo,30,0,0,-,0
Osun,16,1,1,0,0
Oyo,40,1,1,0,0
Plateau,41,0,0,-,0
Rivers,40,1,0,-,0
Sokoto,14,0,0,-,0
Yobe,15,0,0,-,0
Total,846,65,61,3,1
