STATES,TOTAL CONNFIRMED CASES,CONFIRMED NEW CASES,TOTAL DISCHARGED CASES,NEW DISCHARGED CASES,TOTAL DEATHS,NEW DEATHS,TOTAL ACTIVE CASES,DAYS SINCE LAST REPORTED CASE
Lagos,376,70,97,4,13,0,266,0
FCT,88,7,23,0,2,0,63,0
Kano,36,0,0,0,1,0,35,1
Osun,20,0,18,0,0,0,2,16
Oyo,16,0,5,0,0,0,11,1
Edo,15,0,6,0,1,0,8,5
Ogun,12,0,5,0,0,0,7,1
Katsina,12,3,0,0,1,0,11,0
Kwara,9,0,2,0,0,0,7,9
Akwa Ibom,9,3,3,0,1,1,5,0
Bauchi,7,1,1,0,0,0,6,0
Kaduna,6,0,4,0,0,0,2,11
Delta,4,0,0,0,1,0,3,4
Ekiti,3,0,2,0,0,0,1,18
Ondo,3,0,0,0,0,0,3,6
Rivers,2,0,2,0,0,0,0,4
Niger,2,0,0,0,0,0,2,23
Enugu,2,0,2,0,0,0,0,2
Jigawa,2,1,0,0,0,0,2,0
Benue,1,0,0,0,0,0,1,22
Anambra,1,0,0,0,0,0,1,9
Borno,1,1,0,0,1,1,0,0
TOTAL,627,86,170,4,21,2,436,
