States,Confirmed Cases Cumulative,Confirmed Cases New,Discharged Cases Cumulative,Discharged Cases New,Deaths Cumulative,Deaths New,Total Active Cases,Days Since Last Reported Case
Lagos,731,43,128,6,19,0,584,0
FCT,141,3,35,0,3,0,103,0
Kano,77,0,0,0,1,0,76,1
Gombe,35,5,0,0,0,0,35,0
Ogun,35,0,5,0,1,0,29,2
Osun,34,2,18,0,2,2,14,0
Borno,30,0,0,0,2,0,28,1
Katsina,30,0,4,0,2,1,24,1
Edo,25,3,8,1,3,0,14,0
Oyo,21,3,9,4,2,1,10,0
Kaduna,15,5,6,2,0,0,9,0
Bauchi,14,3,6,1,0,0,8,0
Akwa Ibom,12,1,9,3,1,0,2,0
Kwara,11,0,2,0,0,0,9,3
Sokoto,10,8,0,0,0,0,10,0
Ekiti,8,0,2,0,1,0,5,1
Ondo,8,3,2,0,0,0,6,0
Delta,6,0,0,0,1,0,5,4
Rivers,6,3,2,0,2,1,2,0
Taraba,6,6,0,0,0,0,6,0
Abia,2,0,0,0,0,0,2,6
Enugu,2,0,2,0,0,0,0,30
Jigawa,2,0,0,0,0,0,2,7
Niger,2,0,0,0,0,0,2,11
Zamfara,2,0,0,0,0,0,2,2
Adamawa,1,0,0,0,0,0,1,4
Anambra,1,0,1,0,0,0,0,16
Bayelsa,1,1,0,0,0,0,1,0
Benue,1,0,0,0,0,0,1,29
Ebonyi,1,1,0,0,0,0,1,0
Kebbi,1,1,0,0,0,0,1,0
Plateau,1,0,0,0,0,0,1,3
TOTAL,1273,91,239,17,40,5,994,

